model,accuracy,AUC
logistic_regression,0.9813352476669059,0.9975637913179294
svm,0.9863603732950467,0.9980943245675094
multinomial_nb,0.9870782483847811,0.991897696212417
